Workbook

Sheet Start here
B4: Gate Routing Map
B5: A gate that only says pass or fail is hiding a decision. Give every case a route.
B7: WHAT TO BRING | C7: One agent you release through automated gates; the list of gate cases or eval suites it runs; for each one, what it checks and how bad it would be if it shipped broken; and the names of any systems that act on the agent’s output, with the teams that own their pipelines.
B9: WHAT TO DO | C9: List your gate cases, give each one a route (Block, Human decides, Check downstream or Track), fill in what each route needs, and score the ten checks.
B11: WHAT YOU LEAVE WITH | C11: A routing map for every gate case, a list of the cases whose route isn’t ready, and a decision: Ready, Fix first or Hold.
B13: THE FOUR ROUTES
B14: Route | C14: Use it when | D14: What the route needs before the release
B15: Block | C15: A regression case a check can decide on its own | D15: Enough trials, and every trial must pass (pass^k). One green run of a non-deterministic agent overstates its reliability.
B16: Human decides | C16: A serious case that no check can decide unambiguously | D16: A named owner, a backup owner, and halt criteria written down before the release. People watching releases get used to green and start reading small anomalies as noise.
B17: Check downstream | C17: Another system acts on the agent’s output and ships from its own pipeline | D17: The system and its owning team named; an output contract; the downstream side verifies that contract before either side deploys; a way to switch the new behaviour on together; a named person who can halt.
B18: Track | C18: Capability cases, or low-severity cases | D18: An owner who reviews the trend. A drop is worth investigating, not a reason to block.
B20: HOW TO USE IT | C20: Work left to right through tabs 1–3. The Worked Example tab shows a completed version.
B21: 1 · Gate Inventory | C21: Which route does each gate case need?
B22: 2 · Route Requirements | C22: Does each route have what it needs?
B23: 3 · Checklist | C23: Is the gate ready to decide releases?
B25: CELL LEGEND | C25: Shaded cells are yours to fill. Everything else calculates.
C26: Yours to fill | D26: Shaded, with a thin border.
C27: Calculates for you | D27: No fill, and locked.
C28: Does not apply | D28: On Tab 2, a column that is not for this row’s route.
B30: © The Living Craft · thelivingcraft.ai · Content CC BY 4.0
B31: Built by Sunil Mathew, co-authored with Claude
B33: THE LIVING CRAFT COHORT | C33: Build a working agentic system and develop the reasoning behind it. Explore The Living Craft’s October 2026 cohort: 30 live hours with Sunil Mathew, plus independent work.
C34: Apply at https://learning.thelivingcraft.ai/#apply

Sheet 1 · Gate Inventory
A1: 1 · Gate Inventory | Z1: Regression
A2: Which route does each gate case need? | Z2: Capability
A3: One row per gate case or eval suite. Columns D to G suggest a route. Leave “Route chosen” blank to accept the suggestion, or pick another and write down why.
Z4: Low
A5: # | B5: Case or suite | C5: What it checks | D5: Purpose | E5: Severity if it ships broken | F5: Who acts on the output | G5: Can a check decide it unambiguously? | H5: Deterministic? | I5: Suggested route | J5: Route chosen | K5: Final route | L5: Differs from suggestion? | M5: Reason for the difference | Z5: Medium
A6: 1 | I6: =IF(OR(B6="",D6="",E6="",F6="",G6=""),"",IF(D6="Capability","Track",IF(F6="Another system with its own pipeline","Check downstream",IF(E6="Low","Track",IF(G6="No","Human decides","Block"))))) | K6: =IF(J6<>"",J6,I6) | L6: =IF(AND(J6<>"",J6<>I6),"Yes","") | Z6: High
A7: 2 | I7: =IF(OR(B7="",D7="",E7="",F7="",G7=""),"",IF(D7="Capability","Track",IF(F7="Another system with its own pipeline","Check downstream",IF(E7="Low","Track",IF(G7="No","Human decides","Block"))))) | K7: =IF(J7<>"",J7,I7) | L7: =IF(AND(J7<>"",J7<>I7),"Yes","") | Z7: Critical
A8: 3 | I8: =IF(OR(B8="",D8="",E8="",F8="",G8=""),"",IF(D8="Capability","Track",IF(F8="Another system with its own pipeline","Check downstream",IF(E8="Low","Track",IF(G8="No","Human decides","Block"))))) | K8: =IF(J8<>"",J8,I8) | L8: =IF(AND(J8<>"",J8<>I8),"Yes","")
A9: 4 | I9: =IF(OR(B9="",D9="",E9="",F9="",G9=""),"",IF(D9="Capability","Track",IF(F9="Another system with its own pipeline","Check downstream",IF(E9="Low","Track",IF(G9="No","Human decides","Block"))))) | K9: =IF(J9<>"",J9,I9) | L9: =IF(AND(J9<>"",J9<>I9),"Yes","") | Z9: User directly
A10: 5 | I10: =IF(OR(B10="",D10="",E10="",F10="",G10=""),"",IF(D10="Capability","Track",IF(F10="Another system with its own pipeline","Check downstream",IF(E10="Low","Track",IF(G10="No","Human decides","Block"))))) | K10: =IF(J10<>"",J10,I10) | L10: =IF(AND(J10<>"",J10<>I10),"Yes","") | Z10: Another system in our pipeline
A11: 6 | I11: =IF(OR(B11="",D11="",E11="",F11="",G11=""),"",IF(D11="Capability","Track",IF(F11="Another system with its own pipeline","Check downstream",IF(E11="Low","Track",IF(G11="No","Human decides","Block"))))) | K11: =IF(J11<>"",J11,I11) | L11: =IF(AND(J11<>"",J11<>I11),"Yes","") | Z11: Another system with its own pipeline
A12: 7 | I12: =IF(OR(B12="",D12="",E12="",F12="",G12=""),"",IF(D12="Capability","Track",IF(F12="Another system with its own pipeline","Check downstream",IF(E12="Low","Track",IF(G12="No","Human decides","Block"))))) | K12: =IF(J12<>"",J12,I12) | L12: =IF(AND(J12<>"",J12<>I12),"Yes","")
A13: 8 | I13: =IF(OR(B13="",D13="",E13="",F13="",G13=""),"",IF(D13="Capability","Track",IF(F13="Another system with its own pipeline","Check downstream",IF(E13="Low","Track",IF(G13="No","Human decides","Block"))))) | K13: =IF(J13<>"",J13,I13) | L13: =IF(AND(J13<>"",J13<>I13),"Yes","") | Z13: Yes
A14: 9 | I14: =IF(OR(B14="",D14="",E14="",F14="",G14=""),"",IF(D14="Capability","Track",IF(F14="Another system with its own pipeline","Check downstream",IF(E14="Low","Track",IF(G14="No","Human decides","Block"))))) | K14: =IF(J14<>"",J14,I14) | L14: =IF(AND(J14<>"",J14<>I14),"Yes","") | Z14: No
A15: 10 | I15: =IF(OR(B15="",D15="",E15="",F15="",G15=""),"",IF(D15="Capability","Track",IF(F15="Another system with its own pipeline","Check downstream",IF(E15="Low","Track",IF(G15="No","Human decides","Block"))))) | K15: =IF(J15<>"",J15,I15) | L15: =IF(AND(J15<>"",J15<>I15),"Yes","")
A16: 11 | I16: =IF(OR(B16="",D16="",E16="",F16="",G16=""),"",IF(D16="Capability","Track",IF(F16="Another system with its own pipeline","Check downstream",IF(E16="Low","Track",IF(G16="No","Human decides","Block"))))) | K16: =IF(J16<>"",J16,I16) | L16: =IF(AND(J16<>"",J16<>I16),"Yes","") | Z16: Block
A17: 12 | I17: =IF(OR(B17="",D17="",E17="",F17="",G17=""),"",IF(D17="Capability","Track",IF(F17="Another system with its own pipeline","Check downstream",IF(E17="Low","Track",IF(G17="No","Human decides","Block"))))) | K17: =IF(J17<>"",J17,I17) | L17: =IF(AND(J17<>"",J17<>I17),"Yes","") | Z17: Human decides
A18: 13 | I18: =IF(OR(B18="",D18="",E18="",F18="",G18=""),"",IF(D18="Capability","Track",IF(F18="Another system with its own pipeline","Check downstream",IF(E18="Low","Track",IF(G18="No","Human decides","Block"))))) | K18: =IF(J18<>"",J18,I18) | L18: =IF(AND(J18<>"",J18<>I18),"Yes","") | Z18: Check downstream
A19: 14 | I19: =IF(OR(B19="",D19="",E19="",F19="",G19=""),"",IF(D19="Capability","Track",IF(F19="Another system with its own pipeline","Check downstream",IF(E19="Low","Track",IF(G19="No","Human decides","Block"))))) | K19: =IF(J19<>"",J19,I19) | L19: =IF(AND(J19<>"",J19<>I19),"Yes","") | Z19: Track
A20: 15 | I20: =IF(OR(B20="",D20="",E20="",F20="",G20=""),"",IF(D20="Capability","Track",IF(F20="Another system with its own pipeline","Check downstream",IF(E20="Low","Track",IF(G20="No","Human decides","Block"))))) | K20: =IF(J20<>"",J20,I20) | L20: =IF(AND(J20<>"",J20<>I20),"Yes","")
A21: 16 | I21: =IF(OR(B21="",D21="",E21="",F21="",G21=""),"",IF(D21="Capability","Track",IF(F21="Another system with its own pipeline","Check downstream",IF(E21="Low","Track",IF(G21="No","Human decides","Block"))))) | K21: =IF(J21<>"",J21,I21) | L21: =IF(AND(J21<>"",J21<>I21),"Yes","")
A22: 17 | I22: =IF(OR(B22="",D22="",E22="",F22="",G22=""),"",IF(D22="Capability","Track",IF(F22="Another system with its own pipeline","Check downstream",IF(E22="Low","Track",IF(G22="No","Human decides","Block"))))) | K22: =IF(J22<>"",J22,I22) | L22: =IF(AND(J22<>"",J22<>I22),"Yes","")
A23: 18 | I23: =IF(OR(B23="",D23="",E23="",F23="",G23=""),"",IF(D23="Capability","Track",IF(F23="Another system with its own pipeline","Check downstream",IF(E23="Low","Track",IF(G23="No","Human decides","Block"))))) | K23: =IF(J23<>"",J23,I23) | L23: =IF(AND(J23<>"",J23<>I23),"Yes","")
A24: 19 | I24: =IF(OR(B24="",D24="",E24="",F24="",G24=""),"",IF(D24="Capability","Track",IF(F24="Another system with its own pipeline","Check downstream",IF(E24="Low","Track",IF(G24="No","Human decides","Block"))))) | K24: =IF(J24<>"",J24,I24) | L24: =IF(AND(J24<>"",J24<>I24),"Yes","")
A25: 20 | I25: =IF(OR(B25="",D25="",E25="",F25="",G25=""),"",IF(D25="Capability","Track",IF(F25="Another system with its own pipeline","Check downstream",IF(E25="Low","Track",IF(G25="No","Human decides","Block"))))) | K25: =IF(J25<>"",J25,I25) | L25: =IF(AND(J25<>"",J25<>I25),"Yes","")
A27: Summary
A28: Cases listed | C28: =COUNTA(B6:B25)
A30: CASES BY ROUTE | C30: Final | D30: Suggested
B31: Block | C31: =COUNTIF(K6:K25,"Block") | D31: =COUNTIF(I6:I25,"Block")
B32: Human decides | C32: =COUNTIF(K6:K25,"Human decides") | D32: =COUNTIF(I6:I25,"Human decides")
B33: Check downstream | C33: =COUNTIF(K6:K25,"Check downstream") | D33: =COUNTIF(I6:I25,"Check downstream")
B34: Track | C34: =COUNTIF(K6:K25,"Track") | D34: =COUNTIF(I6:I25,"Track")
A36: Unrouted cases | C36: =SUMPRODUCT((B6:B25<>"")*(K6:K25="")) | D36: Cases with a name and no route. Fill in D to G, or pick a route.
A37: Overrides | C37: =COUNTIF(L6:L25,"Yes") | D37: Cases where the route chosen differs from the suggestion.
A38: Overrides with no reason | C38: =SUMPRODUCT((L6:L25="Yes")*(M6:M25="")) | D38: Write the reason in column M.

Sheet 2 · Route Requirements
A1: 2 · Route Requirements | Z1: Yes
A2: Does each route have what it needs? | Z2: No
A3: Rows mirror the Gate Inventory. Fill in only the columns for the row’s final route; the others are greyed out. Each row names the first thing missing.
Z4: Yes
A5: Minimum trials for non-deterministic Block cases | C5: 3 | D5: Agents vary between runs. A Block case on non-deterministic behaviour should pass every one of several trials. | Z5: Partial
Z6: No
E7: Block | G7: Human decides | J7: Check downstream | P7: Track
A8: # | B8: Case or suite | C8: Final route | D8: Deterministic? | E8: Trials per release | F8: Trials that must pass | G8: Owner | H8: Backup owner | I8: Halt criteria written before the release? | J8: Downstream system | K8: Team that owns its pipeline | L8: Output contract exists? | M8: Downstream verifies the contract before either side deploys? | N8: Both sides can switch the new behaviour on together? | O8: Who can halt the release | P8: Owner who reviews the trend | Q8: Route ready? | R8: Why not ready
A9: 1 | B9: =IF('1 · Gate Inventory'!B6="","",'1 · Gate Inventory'!B6) | C9: =IF('1 · Gate Inventory'!K6="","",'1 · Gate Inventory'!K6) | D9: =IF('1 · Gate Inventory'!H6="","",'1 · Gate Inventory'!H6) | Q9: =IF(C9="","",IF(R9="","Ready","Not ready")) | R9: =IF(C9="","",IF(C9="Block",IF(OR(E9="",E9<1),"No trials set",IF(F9="","Trials that must pass not set",IF(F9<E9,"Trials that must pass is lower than trials",IF(F9>E9,"Trials that must pass is more than trials",IF(AND(D9<>"Yes",E9<IF($C$5="",3,$C$5)),"Fewer trials than the minimum for non-deterministic cases",""))))),IF(C9="Human decides",IF(G9="","No owner",IF(I9<>"Yes","No halt criteria","")),IF(C9="Check downstream",IF(J9="","No downstream system named",IF(K9="","No team named for its pipeline",IF(L9="Partial","Output contract only partial",IF(L9<>"Yes","No output contract",IF(M9<>"Yes","Contract not verified before deploy",IF(N9<>"Yes","Cannot switch on together",IF(O9="","Nobody named who can halt",""))))))),IF(C9="Track",IF(P9="","No owner",""),"")))))
A10: 2 | B10: =IF('1 · Gate Inventory'!B7="","",'1 · Gate Inventory'!B7) | C10: =IF('1 · Gate Inventory'!K7="","",'1 · Gate Inventory'!K7) | D10: =IF('1 · Gate Inventory'!H7="","",'1 · Gate Inventory'!H7) | Q10: =IF(C10="","",IF(R10="","Ready","Not ready")) | R10: =IF(C10="","",IF(C10="Block",IF(OR(E10="",E10<1),"No trials set",IF(F10="","Trials that must pass not set",IF(F10<E10,"Trials that must pass is lower than trials",IF(F10>E10,"Trials that must pass is more than trials",IF(AND(D10<>"Yes",E10<IF($C$5="",3,$C$5)),"Fewer trials than the minimum for non-deterministic cases",""))))),IF(C10="Human decides",IF(G10="","No owner",IF(I10<>"Yes","No halt criteria","")),IF(C10="Check downstream",IF(J10="","No downstream system named",IF(K10="","No team named for its pipeline",IF(L10="Partial","Output contract only partial",IF(L10<>"Yes","No output contract",IF(M10<>"Yes","Contract not verified before deploy",IF(N10<>"Yes","Cannot switch on together",IF(O10="","Nobody named who can halt",""))))))),IF(C10="Track",IF(P10="","No owner",""),"")))))
A11: 3 | B11: =IF('1 · Gate Inventory'!B8="","",'1 · Gate Inventory'!B8) | C11: =IF('1 · Gate Inventory'!K8="","",'1 · Gate Inventory'!K8) | D11: =IF('1 · Gate Inventory'!H8="","",'1 · Gate Inventory'!H8) | Q11: =IF(C11="","",IF(R11="","Ready","Not ready")) | R11: =IF(C11="","",IF(C11="Block",IF(OR(E11="",E11<1),"No trials set",IF(F11="","Trials that must pass not set",IF(F11<E11,"Trials that must pass is lower than trials",IF(F11>E11,"Trials that must pass is more than trials",IF(AND(D11<>"Yes",E11<IF($C$5="",3,$C$5)),"Fewer trials than the minimum for non-deterministic cases",""))))),IF(C11="Human decides",IF(G11="","No owner",IF(I11<>"Yes","No halt criteria","")),IF(C11="Check downstream",IF(J11="","No downstream system named",IF(K11="","No team named for its pipeline",IF(L11="Partial","Output contract only partial",IF(L11<>"Yes","No output contract",IF(M11<>"Yes","Contract not verified before deploy",IF(N11<>"Yes","Cannot switch on together",IF(O11="","Nobody named who can halt",""))))))),IF(C11="Track",IF(P11="","No owner",""),"")))))
A12: 4 | B12: =IF('1 · Gate Inventory'!B9="","",'1 · Gate Inventory'!B9) | C12: =IF('1 · Gate Inventory'!K9="","",'1 · Gate Inventory'!K9) | D12: =IF('1 · Gate Inventory'!H9="","",'1 · Gate Inventory'!H9) | Q12: =IF(C12="","",IF(R12="","Ready","Not ready")) | R12: =IF(C12="","",IF(C12="Block",IF(OR(E12="",E12<1),"No trials set",IF(F12="","Trials that must pass not set",IF(F12<E12,"Trials that must pass is lower than trials",IF(F12>E12,"Trials that must pass is more than trials",IF(AND(D12<>"Yes",E12<IF($C$5="",3,$C$5)),"Fewer trials than the minimum for non-deterministic cases",""))))),IF(C12="Human decides",IF(G12="","No owner",IF(I12<>"Yes","No halt criteria","")),IF(C12="Check downstream",IF(J12="","No downstream system named",IF(K12="","No team named for its pipeline",IF(L12="Partial","Output contract only partial",IF(L12<>"Yes","No output contract",IF(M12<>"Yes","Contract not verified before deploy",IF(N12<>"Yes","Cannot switch on together",IF(O12="","Nobody named who can halt",""))))))),IF(C12="Track",IF(P12="","No owner",""),"")))))
A13: 5 | B13: =IF('1 · Gate Inventory'!B10="","",'1 · Gate Inventory'!B10) | C13: =IF('1 · Gate Inventory'!K10="","",'1 · Gate Inventory'!K10) | D13: =IF('1 · Gate Inventory'!H10="","",'1 · Gate Inventory'!H10) | Q13: =IF(C13="","",IF(R13="","Ready","Not ready")) | R13: =IF(C13="","",IF(C13="Block",IF(OR(E13="",E13<1),"No trials set",IF(F13="","Trials that must pass not set",IF(F13<E13,"Trials that must pass is lower than trials",IF(F13>E13,"Trials that must pass is more than trials",IF(AND(D13<>"Yes",E13<IF($C$5="",3,$C$5)),"Fewer trials than the minimum for non-deterministic cases",""))))),IF(C13="Human decides",IF(G13="","No owner",IF(I13<>"Yes","No halt criteria","")),IF(C13="Check downstream",IF(J13="","No downstream system named",IF(K13="","No team named for its pipeline",IF(L13="Partial","Output contract only partial",IF(L13<>"Yes","No output contract",IF(M13<>"Yes","Contract not verified before deploy",IF(N13<>"Yes","Cannot switch on together",IF(O13="","Nobody named who can halt",""))))))),IF(C13="Track",IF(P13="","No owner",""),"")))))
A14: 6 | B14: =IF('1 · Gate Inventory'!B11="","",'1 · Gate Inventory'!B11) | C14: =IF('1 · Gate Inventory'!K11="","",'1 · Gate Inventory'!K11) | D14: =IF('1 · Gate Inventory'!H11="","",'1 · Gate Inventory'!H11) | Q14: =IF(C14="","",IF(R14="","Ready","Not ready")) | R14: =IF(C14="","",IF(C14="Block",IF(OR(E14="",E14<1),"No trials set",IF(F14="","Trials that must pass not set",IF(F14<E14,"Trials that must pass is lower than trials",IF(F14>E14,"Trials that must pass is more than trials",IF(AND(D14<>"Yes",E14<IF($C$5="",3,$C$5)),"Fewer trials than the minimum for non-deterministic cases",""))))),IF(C14="Human decides",IF(G14="","No owner",IF(I14<>"Yes","No halt criteria","")),IF(C14="Check downstream",IF(J14="","No downstream system named",IF(K14="","No team named for its pipeline",IF(L14="Partial","Output contract only partial",IF(L14<>"Yes","No output contract",IF(M14<>"Yes","Contract not verified before deploy",IF(N14<>"Yes","Cannot switch on together",IF(O14="","Nobody named who can halt",""))))))),IF(C14="Track",IF(P14="","No owner",""),"")))))
A15: 7 | B15: =IF('1 · Gate Inventory'!B12="","",'1 · Gate Inventory'!B12) | C15: =IF('1 · Gate Inventory'!K12="","",'1 · Gate Inventory'!K12) | D15: =IF('1 · Gate Inventory'!H12="","",'1 · Gate Inventory'!H12) | Q15: =IF(C15="","",IF(R15="","Ready","Not ready")) | R15: =IF(C15="","",IF(C15="Block",IF(OR(E15="",E15<1),"No trials set",IF(F15="","Trials that must pass not set",IF(F15<E15,"Trials that must pass is lower than trials",IF(F15>E15,"Trials that must pass is more than trials",IF(AND(D15<>"Yes",E15<IF($C$5="",3,$C$5)),"Fewer trials than the minimum for non-deterministic cases",""))))),IF(C15="Human decides",IF(G15="","No owner",IF(I15<>"Yes","No halt criteria","")),IF(C15="Check downstream",IF(J15="","No downstream system named",IF(K15="","No team named for its pipeline",IF(L15="Partial","Output contract only partial",IF(L15<>"Yes","No output contract",IF(M15<>"Yes","Contract not verified before deploy",IF(N15<>"Yes","Cannot switch on together",IF(O15="","Nobody named who can halt",""))))))),IF(C15="Track",IF(P15="","No owner",""),"")))))
A16: 8 | B16: =IF('1 · Gate Inventory'!B13="","",'1 · Gate Inventory'!B13) | C16: =IF('1 · Gate Inventory'!K13="","",'1 · Gate Inventory'!K13) | D16: =IF('1 · Gate Inventory'!H13="","",'1 · Gate Inventory'!H13) | Q16: =IF(C16="","",IF(R16="","Ready","Not ready")) | R16: =IF(C16="","",IF(C16="Block",IF(OR(E16="",E16<1),"No trials set",IF(F16="","Trials that must pass not set",IF(F16<E16,"Trials that must pass is lower than trials",IF(F16>E16,"Trials that must pass is more than trials",IF(AND(D16<>"Yes",E16<IF($C$5="",3,$C$5)),"Fewer trials than the minimum for non-deterministic cases",""))))),IF(C16="Human decides",IF(G16="","No owner",IF(I16<>"Yes","No halt criteria","")),IF(C16="Check downstream",IF(J16="","No downstream system named",IF(K16="","No team named for its pipeline",IF(L16="Partial","Output contract only partial",IF(L16<>"Yes","No output contract",IF(M16<>"Yes","Contract not verified before deploy",IF(N16<>"Yes","Cannot switch on together",IF(O16="","Nobody named who can halt",""))))))),IF(C16="Track",IF(P16="","No owner",""),"")))))
A17: 9 | B17: =IF('1 · Gate Inventory'!B14="","",'1 · Gate Inventory'!B14) | C17: =IF('1 · Gate Inventory'!K14="","",'1 · Gate Inventory'!K14) | D17: =IF('1 · Gate Inventory'!H14="","",'1 · Gate Inventory'!H14) | Q17: =IF(C17="","",IF(R17="","Ready","Not ready")) | R17: =IF(C17="","",IF(C17="Block",IF(OR(E17="",E17<1),"No trials set",IF(F17="","Trials that must pass not set",IF(F17<E17,"Trials that must pass is lower than trials",IF(F17>E17,"Trials that must pass is more than trials",IF(AND(D17<>"Yes",E17<IF($C$5="",3,$C$5)),"Fewer trials than the minimum for non-deterministic cases",""))))),IF(C17="Human decides",IF(G17="","No owner",IF(I17<>"Yes","No halt criteria","")),IF(C17="Check downstream",IF(J17="","No downstream system named",IF(K17="","No team named for its pipeline",IF(L17="Partial","Output contract only partial",IF(L17<>"Yes","No output contract",IF(M17<>"Yes","Contract not verified before deploy",IF(N17<>"Yes","Cannot switch on together",IF(O17="","Nobody named who can halt",""))))))),IF(C17="Track",IF(P17="","No owner",""),"")))))
A18: 10 | B18: =IF('1 · Gate Inventory'!B15="","",'1 · Gate Inventory'!B15) | C18: =IF('1 · Gate Inventory'!K15="","",'1 · Gate Inventory'!K15) | D18: =IF('1 · Gate Inventory'!H15="","",'1 · Gate Inventory'!H15) | Q18: =IF(C18="","",IF(R18="","Ready","Not ready")) | R18: =IF(C18="","",IF(C18="Block",IF(OR(E18="",E18<1),"No trials set",IF(F18="","Trials that must pass not set",IF(F18<E18,"Trials that must pass is lower than trials",IF(F18>E18,"Trials that must pass is more than trials",IF(AND(D18<>"Yes",E18<IF($C$5="",3,$C$5)),"Fewer trials than the minimum for non-deterministic cases",""))))),IF(C18="Human decides",IF(G18="","No owner",IF(I18<>"Yes","No halt criteria","")),IF(C18="Check downstream",IF(J18="","No downstream system named",IF(K18="","No team named for its pipeline",IF(L18="Partial","Output contract only partial",IF(L18<>"Yes","No output contract",IF(M18<>"Yes","Contract not verified before deploy",IF(N18<>"Yes","Cannot switch on together",IF(O18="","Nobody named who can halt",""))))))),IF(C18="Track",IF(P18="","No owner",""),"")))))
A19: 11 | B19: =IF('1 · Gate Inventory'!B16="","",'1 · Gate Inventory'!B16) | C19: =IF('1 · Gate Inventory'!K16="","",'1 · Gate Inventory'!K16) | D19: =IF('1 · Gate Inventory'!H16="","",'1 · Gate Inventory'!H16) | Q19: =IF(C19="","",IF(R19="","Ready","Not ready")) | R19: =IF(C19="","",IF(C19="Block",IF(OR(E19="",E19<1),"No trials set",IF(F19="","Trials that must pass not set",IF(F19<E19,"Trials that must pass is lower than trials",IF(F19>E19,"Trials that must pass is more than trials",IF(AND(D19<>"Yes",E19<IF($C$5="",3,$C$5)),"Fewer trials than the minimum for non-deterministic cases",""))))),IF(C19="Human decides",IF(G19="","No owner",IF(I19<>"Yes","No halt criteria","")),IF(C19="Check downstream",IF(J19="","No downstream system named",IF(K19="","No team named for its pipeline",IF(L19="Partial","Output contract only partial",IF(L19<>"Yes","No output contract",IF(M19<>"Yes","Contract not verified before deploy",IF(N19<>"Yes","Cannot switch on together",IF(O19="","Nobody named who can halt",""))))))),IF(C19="Track",IF(P19="","No owner",""),"")))))
A20: 12 | B20: =IF('1 · Gate Inventory'!B17="","",'1 · Gate Inventory'!B17) | C20: =IF('1 · Gate Inventory'!K17="","",'1 · Gate Inventory'!K17) | D20: =IF('1 · Gate Inventory'!H17="","",'1 · Gate Inventory'!H17) | Q20: =IF(C20="","",IF(R20="","Ready","Not ready")) | R20: =IF(C20="","",IF(C20="Block",IF(OR(E20="",E20<1),"No trials set",IF(F20="","Trials that must pass not set",IF(F20<E20,"Trials that must pass is lower than trials",IF(F20>E20,"Trials that must pass is more than trials",IF(AND(D20<>"Yes",E20<IF($C$5="",3,$C$5)),"Fewer trials than the minimum for non-deterministic cases",""))))),IF(C20="Human decides",IF(G20="","No owner",IF(I20<>"Yes","No halt criteria","")),IF(C20="Check downstream",IF(J20="","No downstream system named",IF(K20="","No team named for its pipeline",IF(L20="Partial","Output contract only partial",IF(L20<>"Yes","No output contract",IF(M20<>"Yes","Contract not verified before deploy",IF(N20<>"Yes","Cannot switch on together",IF(O20="","Nobody named who can halt",""))))))),IF(C20="Track",IF(P20="","No owner",""),"")))))
... A28: 20 | B28: =IF('1 · Gate Inventory'!B25="","",'1 · Gate Inventory'!B25) | C28: =IF('1 · Gate Inventory'!K25="","",'1 · Gate Inventory'!K25) | D28: =IF('1 · Gate Inventory'!H25="","",'1 · Gate Inventory'!H25) | Q28: =IF(C28="","",IF(R28="","Ready","Not ready")) | R28: =IF(C28="","",IF(C28="Block",IF(OR(E28="",E28<1),"No trials set",IF(F28="","Trials that must pass not set",IF(F28<E28,"Trials that must pass is lower than trials",IF(F28>E28,"Trials that must pass is more than trials",IF(AND(D28<>"Yes",E28<IF($C$5="",3,$C$5)),"Fewer trials than the minimum for non-deterministic cases",""))))),IF(C28="Human decides",IF(G28="","No owner",IF(I28<>"Yes","No halt criteria","")),IF(C28="Check downstream",IF(J28="","No downstream system named",IF(K28="","No team named for its pipeline",IF(L28="Partial","Output contract only partial",IF(L28<>"Yes","No output contract",IF(M28<>"Yes","Contract not verified before deploy",IF(N28<>"Yes","Cannot switch on together",IF(O28="","Nobody named who can halt",""))))))),IF(C28="Track",IF(P28="","No owner",""),"")))))
A30: Summary
A31: BY ROUTE | C31: Cases | D31: Ready
B32: Block | C32: =COUNTIF(C9:C28,"Block") | D32: =COUNTIFS(C9:C28,"Block",Q9:Q28,"Ready")
B33: Human decides | C33: =COUNTIF(C9:C28,"Human decides") | D33: =COUNTIFS(C9:C28,"Human decides",Q9:Q28,"Ready")
B34: Check downstream | C34: =COUNTIF(C9:C28,"Check downstream") | D34: =COUNTIFS(C9:C28,"Check downstream",Q9:Q28,"Ready")
B35: Track | C35: =COUNTIF(C9:C28,"Track") | D35: =COUNTIFS(C9:C28,"Track",Q9:Q28,"Ready")
A37: Routes not ready | C37: =COUNTIF(Q9:Q28,"Not ready") | D37: Column R names the first thing missing on each.
A38: Block cases not ready | C38: =COUNTIFS(C9:C28,"Block",Q9:Q28,"Not ready")
A39: Human cases not ready | C39: =COUNTIFS(C9:C28,"Human decides",Q9:Q28,"Not ready")
A40: Human cases with no backup owner | C40: =SUMPRODUCT((C9:C28="Human decides")*(H9:H28="")) | D40: Scored by check 6, not by Route ready.
A41: Downstream cases without a verified contract | C41: =SUMPRODUCT((C9:C28="Check downstream")*(((L9:L28<>"Yes")+(M9:M28<>"Yes"))>0)) | D41: The contract is not Yes, or the downstream side does not verify it before deploying.

Sheet 3 · Checklist
A1: 3 · Checklist | Z1: Yes
A2: Is the gate ready to decide releases? | Z2: Partial
A3: Answer each check from evidence, not from memory. The four marked ★ are critical: a No on any one of them is a Hold. | Z3: No
A5: Decision | C5: =IF(OR(E11="No",E13="No",E15="No",E18="No"),"Hold",IF(COUNTA(E11:E20)<10,"",IF(AND(SUM(F11:F20)>=16,NOT(OR(E11="Partial",E13="Partial",E15="Partial",E18="Partial"))),"Ready","Fix first"))) | D5: =IF(C5="Hold","Don’t let this gate decide releases yet.",IF(C5="Fix first","No critical check is answered No, but the total is under 16 or a critical check is only Partial.",IF(C5="Ready","Every critical check is answered Yes, and the total is 16 or more.",IF(COUNTA(E11:E20)=0,"","Answer all 10 checks to see the decision."))))
A6: Total | C6: =SUM(F11:F20) | D6: out of 20. Yes scores 2, Partial 1, No 0. Ready needs 16 or more and every critical check answered Yes.
A7: Checks answered | C7: =COUNTA(E11:E20) | D7: out of 10
A8: Your next step | C8: =IF(MIN(Y11:Y20)<9,INDEX(B11:B20,MATCH(MIN(Y11:Y20),Y11:Y20,0)),IF(COUNTA(E11:E20)=10,"No open items.",""))
A10: # | B10: Check | E10: Answer | F10: Points | G10: Status | H10: Evidence from the other tabs
A11: 1 ★ | B11: Every gate case has a route. | F11: =IF(E11="Yes",2,IF(E11="Partial",1,IF(E11="No",0,""))) | G11: =IF(E11="Yes","Pass",IF(E11="Partial","Partial",IF(E11="No","Fail",""))) | H11: ="Unrouted cases (Tab 1): "&'1 · Gate Inventory'!C36 | Y11: =IF(E11="No",1,IF(E11="Partial",3,9))
A12: 2 | B12: Every route that differs from the suggestion has a written reason. | F12: =IF(E12="Yes",2,IF(E12="Partial",1,IF(E12="No",0,""))) | G12: =IF(E12="Yes","Pass",IF(E12="Partial","Partial",IF(E12="No","Fail",""))) | H12: ="Overrides with no reason (Tab 1): "&'1 · Gate Inventory'!C38 | Y12: =IF(E12="No",2,IF(E12="Partial",4,9))
A13: 3 ★ | B13: Block cases on non-deterministic behaviour run several trials and require every trial to pass. | F13: =IF(E13="Yes",2,IF(E13="Partial",1,IF(E13="No",0,""))) | G13: =IF(E13="Yes","Pass",IF(E13="Partial","Partial",IF(E13="No","Fail",""))) | H13: ="Block cases not ready (Tab 2): "&'2 · Route Requirements'!C38 | Y13: =IF(E13="No",1,IF(E13="Partial",3,9))
A14: 4 | B14: Capability cases are tracked, not used to block a release. | F14: =IF(E14="Yes",2,IF(E14="Partial",1,IF(E14="No",0,""))) | G14: =IF(E14="Yes","Pass",IF(E14="Partial","Partial",IF(E14="No","Fail",""))) | Y14: =IF(E14="No",2,IF(E14="Partial",4,9))
A15: 5 ★ | B15: Every Human decides case has a named owner and halt criteria written before the release. | F15: =IF(E15="Yes",2,IF(E15="Partial",1,IF(E15="No",0,""))) | G15: =IF(E15="Yes","Pass",IF(E15="Partial","Partial",IF(E15="No","Fail",""))) | H15: ="Human cases not ready (Tab 2): "&'2 · Route Requirements'!C39 | Y15: =IF(E15="No",1,IF(E15="Partial",3,9))
A16: 6 | B16: Every Human decides case has a backup owner, so a release never waits on one person. | F16: =IF(E16="Yes",2,IF(E16="Partial",1,IF(E16="No",0,""))) | G16: =IF(E16="Yes","Pass",IF(E16="Partial","Partial",IF(E16="No","Fail",""))) | H16: ="Human cases with no backup owner (Tab 2): "&'2 · Route Requirements'!C40 | Y16: =IF(E16="No",2,IF(E16="Partial",4,9))
A17: 7 | B17: Every Check downstream case names the system that acts on the output and the team that owns its pipeline. | F17: =IF(E17="Yes",2,IF(E17="Partial",1,IF(E17="No",0,""))) | G17: =IF(E17="Yes","Pass",IF(E17="Partial","Partial",IF(E17="No","Fail",""))) | Y17: =IF(E17="No",2,IF(E17="Partial",4,9))
A18: 8 ★ | B18: The agent’s output has a contract that the downstream system verifies before either side deploys. | F18: =IF(E18="Yes",2,IF(E18="Partial",1,IF(E18="No",0,""))) | G18: =IF(E18="Yes","Pass",IF(E18="Partial","Partial",IF(E18="No","Fail",""))) | H18: ="Downstream cases without a verified contract (Tab 2): "&'2 · Route Requirements'!C41 | Y18: =IF(E18="No",1,IF(E18="Partial",3,9))
A19: 9 | B19: New agent behaviour can be switched on together with the downstream system, and switched off without a redeploy. | F19: =IF(E19="Yes",2,IF(E19="Partial",1,IF(E19="No",0,""))) | G19: =IF(E19="Yes","Pass",IF(E19="Partial","Partial",IF(E19="No","Fail",""))) | Y19: =IF(E19="No",2,IF(E19="Partial",4,9))
A20: 10 | B20: Changes to the agent’s output are made in expand-then-contract steps, so the old and new shapes work side by side until the downstream system has moved. | F20: =IF(E20="Yes",2,IF(E20="Partial",1,IF(E20="No",0,""))) | G20: =IF(E20="Yes","Pass",IF(E20="Partial","Partial",IF(E20="No","Fail",""))) | Y20: =IF(E20="No",2,IF(E20="Partial",4,9))

Sheet Worked Example
A1: Illustrative example: an order-support agent whose refund recommendations are carried out by a separate payments service. Not a real system, company or real figures. | Z1: Regression
Z2: Capability
A3: 1 · Gate Inventory
A4: Which route does each gate case need? | Z4: Low
A5: One row per gate case or eval suite. Columns D to G suggest a route. Leave “Route chosen” blank to accept the suggestion, or pick another and write down why. | Z5: Medium
Z6: High
A7: # | B7: Case or suite | C7: What it checks | D7: Purpose | E7: Severity if it ships broken | F7: Who acts on the output | G7: Can a check decide it unambiguously? | H7: Deterministic? | I7: Suggested route | J7: Route chosen | K7: Final route | L7: Differs from suggestion? | M7: Reason for the difference | Z7: Critical
A8: 1 | B8: Refund amount within policy cap | C8: The recommended refund never exceeds the cap for the order type | D8: Regression | E8: Critical | F8: Another system with its own pipeline | G8: Yes | H8: Yes | I8: =IF(OR(B8="",D8="",E8="",F8="",G8=""),"",IF(D8="Capability","Track",IF(F8="Another system with its own pipeline","Check downstream",IF(E8="Low","Track",IF(G8="No","Human decides","Block"))))) | K8: =IF(J8<>"",J8,I8) | L8: =IF(AND(J8<>"",J8<>I8),"Yes","")
A9: 2 | B9: Refund recommendation matches the agreed format | C9: The recommendation parses against the format the payments service reads | D9: Regression | E9: High | F9: Another system with its own pipeline | G9: Yes | H9: Yes | I9: =IF(OR(B9="",D9="",E9="",F9="",G9=""),"",IF(D9="Capability","Track",IF(F9="Another system with its own pipeline","Check downstream",IF(E9="Low","Track",IF(G9="No","Human decides","Block"))))) | K9: =IF(J9<>"",J9,I9) | L9: =IF(AND(J9<>"",J9<>I9),"Yes","") | Z9: User directly
A10: 3 | B10: Picks the right order from the conversation | C10: The order the agent acts on is the one the customer meant | D10: Regression | E10: High | F10: User directly | G10: Yes | H10: No | I10: =IF(OR(B10="",D10="",E10="",F10="",G10=""),"",IF(D10="Capability","Track",IF(F10="Another system with its own pipeline","Check downstream",IF(E10="Low","Track",IF(G10="No","Human decides","Block"))))) | K10: =IF(J10<>"",J10,I10) | L10: =IF(AND(J10<>"",J10<>I10),"Yes","") | Z10: Another system in our pipeline
A11: 4 | B11: Declines refunds on accounts held for fraud review | C11: No refund is recommended while an account is on hold | D11: Regression | E11: Critical | F11: User directly | G11: No | H11: No | I11: =IF(OR(B11="",D11="",E11="",F11="",G11=""),"",IF(D11="Capability","Track",IF(F11="Another system with its own pipeline","Check downstream",IF(E11="Low","Track",IF(G11="No","Human decides","Block"))))) | K11: =IF(J11<>"",J11,I11) | L11: =IF(AND(J11<>"",J11<>I11),"Yes","") | Z11: Another system with its own pipeline
A12: 5 | B12: Tone of the customer reply | C12: The reply is polite and plain | D12: Regression | E12: Low | F12: User directly | G12: No | H12: No | I12: =IF(OR(B12="",D12="",E12="",F12="",G12=""),"",IF(D12="Capability","Track",IF(F12="Another system with its own pipeline","Check downstream",IF(E12="Low","Track",IF(G12="No","Human decides","Block"))))) | K12: =IF(J12<>"",J12,I12) | L12: =IF(AND(J12<>"",J12<>I12),"Yes","")
A13: 6 | B13: Resolves complaints that span several orders | C13: One reply settles a complaint about more than one order | D13: Capability | E13: High | F13: User directly | G13: Yes | H13: No | I13: =IF(OR(B13="",D13="",E13="",F13="",G13=""),"",IF(D13="Capability","Track",IF(F13="Another system with its own pipeline","Check downstream",IF(E13="Low","Track",IF(G13="No","Human decides","Block"))))) | K13: =IF(J13<>"",J13,I13) | L13: =IF(AND(J13<>"",J13<>I13),"Yes","") | Z13: Yes
A14: 7 | B14: Escalation note to the support team | C14: The note carries the order, the issue and what the agent already tried | D14: Regression | E14: Medium | F14: Another system in our pipeline | G14: Yes | H14: No | I14: =IF(OR(B14="",D14="",E14="",F14="",G14=""),"",IF(D14="Capability","Track",IF(F14="Another system with its own pipeline","Check downstream",IF(E14="Low","Track",IF(G14="No","Human decides","Block"))))) | K14: =IF(J14<>"",J14,I14) | L14: =IF(AND(J14<>"",J14<>I14),"Yes","") | Z14: No
A15: 8 | B15: Cites the correct policy clause | C15: The reply quotes the clause that applies to this order | D15: Regression | E15: High | F15: User directly | G15: No | H15: No | I15: =IF(OR(B15="",D15="",E15="",F15="",G15=""),"",IF(D15="Capability","Track",IF(F15="Another system with its own pipeline","Check downstream",IF(E15="Low","Track",IF(G15="No","Human decides","Block"))))) | J15: Block | K15: =IF(J15<>"",J15,I15) | L15: =IF(AND(J15<>"",J15<>I15),"Yes","") | M15: Graded by a model judge calibrated against human reviewers
A16: 9 | I16: =IF(OR(B16="",D16="",E16="",F16="",G16=""),"",IF(D16="Capability","Track",IF(F16="Another system with its own pipeline","Check downstream",IF(E16="Low","Track",IF(G16="No","Human decides","Block"))))) | K16: =IF(J16<>"",J16,I16) | L16: =IF(AND(J16<>"",J16<>I16),"Yes","") | Z16: Block
A17: 10 | I17: =IF(OR(B17="",D17="",E17="",F17="",G17=""),"",IF(D17="Capability","Track",IF(F17="Another system with its own pipeline","Check downstream",IF(E17="Low","Track",IF(G17="No","Human decides","Block"))))) | K17: =IF(J17<>"",J17,I17) | L17: =IF(AND(J17<>"",J17<>I17),"Yes","") | Z17: Human decides
A18: 11 | I18: =IF(OR(B18="",D18="",E18="",F18="",G18=""),"",IF(D18="Capability","Track",IF(F18="Another system with its own pipeline","Check downstream",IF(E18="Low","Track",IF(G18="No","Human decides","Block"))))) | K18: =IF(J18<>"",J18,I18) | L18: =IF(AND(J18<>"",J18<>I18),"Yes","") | Z18: Check downstream
A19: 12 | I19: =IF(OR(B19="",D19="",E19="",F19="",G19=""),"",IF(D19="Capability","Track",IF(F19="Another system with its own pipeline","Check downstream",IF(E19="Low","Track",IF(G19="No","Human decides","Block"))))) | K19: =IF(J19<>"",J19,I19) | L19: =IF(AND(J19<>"",J19<>I19),"Yes","") | Z19: Track
A20: 13 | I20: =IF(OR(B20="",D20="",E20="",F20="",G20=""),"",IF(D20="Capability","Track",IF(F20="Another system with its own pipeline","Check downstream",IF(E20="Low","Track",IF(G20="No","Human decides","Block"))))) | K20: =IF(J20<>"",J20,I20) | L20: =IF(AND(J20<>"",J20<>I20),"Yes","")
A21: 14 | I21: =IF(OR(B21="",D21="",E21="",F21="",G21=""),"",IF(D21="Capability","Track",IF(F21="Another system with its own pipeline","Check downstream",IF(E21="Low","Track",IF(G21="No","Human decides","Block"))))) | K21: =IF(J21<>"",J21,I21) | L21: =IF(AND(J21<>"",J21<>I21),"Yes","") | Z21: Yes
A22: 15 | I22: =IF(OR(B22="",D22="",E22="",F22="",G22=""),"",IF(D22="Capability","Track",IF(F22="Another system with its own pipeline","Check downstream",IF(E22="Low","Track",IF(G22="No","Human decides","Block"))))) | K22: =IF(J22<>"",J22,I22) | L22: =IF(AND(J22<>"",J22<>I22),"Yes","") | Z22: Partial
A23: 16 | I23: =IF(OR(B23="",D23="",E23="",F23="",G23=""),"",IF(D23="Capability","Track",IF(F23="Another system with its own pipeline","Check downstream",IF(E23="Low","Track",IF(G23="No","Human decides","Block"))))) | K23: =IF(J23<>"",J23,I23) | L23: =IF(AND(J23<>"",J23<>I23),"Yes","") | Z23: No
A24: 17 | I24: =IF(OR(B24="",D24="",E24="",F24="",G24=""),"",IF(D24="Capability","Track",IF(F24="Another system with its own pipeline","Check downstream",IF(E24="Low","Track",IF(G24="No","Human decides","Block"))))) | K24: =IF(J24<>"",J24,I24) | L24: =IF(AND(J24<>"",J24<>I24),"Yes","")
A25: 18 | I25: =IF(OR(B25="",D25="",E25="",F25="",G25=""),"",IF(D25="Capability","Track",IF(F25="Another system with its own pipeline","Check downstream",IF(E25="Low","Track",IF(G25="No","Human decides","Block"))))) | K25: =IF(J25<>"",J25,I25) | L25: =IF(AND(J25<>"",J25<>I25),"Yes","")
A26: 19 | I26: =IF(OR(B26="",D26="",E26="",F26="",G26=""),"",IF(D26="Capability","Track",IF(F26="Another system with its own pipeline","Check downstream",IF(E26="Low","Track",IF(G26="No","Human decides","Block"))))) | K26: =IF(J26<>"",J26,I26) | L26: =IF(AND(J26<>"",J26<>I26),"Yes","")
A27: 20 | I27: =IF(OR(B27="",D27="",E27="",F27="",G27=""),"",IF(D27="Capability","Track",IF(F27="Another system with its own pipeline","Check downstream",IF(E27="Low","Track",IF(G27="No","Human decides","Block"))))) | K27: =IF(J27<>"",J27,I27) | L27: =IF(AND(J27<>"",J27<>I27),"Yes","")
A29: Summary
A30: Cases listed | C30: =COUNTA(B8:B27)
A32: CASES BY ROUTE | C32: Final | D32: Suggested
B33: Block | C33: =COUNTIF(K8:K27,"Block") | D33: =COUNTIF(I8:I27,"Block")
B34: Human decides | C34: =COUNTIF(K8:K27,"Human decides") | D34: =COUNTIF(I8:I27,"Human decides")
B35: Check downstream | C35: =COUNTIF(K8:K27,"Check downstream") | D35: =COUNTIF(I8:I27,"Check downstream")
B36: Track | C36: =COUNTIF(K8:K27,"Track") | D36: =COUNTIF(I8:I27,"Track")
A38: Unrouted cases | C38: =SUMPRODUCT((B8:B27<>"")*(K8:K27="")) | D38: Cases with a name and no route. Fill in D to G, or pick a route.
A39: Overrides | C39: =COUNTIF(L8:L27,"Yes") | D39: Cases where the route chosen differs from the suggestion.
A40: Overrides with no reason | C40: =SUMPRODUCT((L8:L27="Yes")*(M8:M27="")) | D40: Write the reason in column M.
A43: 2 · Route Requirements
A44: Does each route have what it needs?
A45: Rows mirror the Gate Inventory. Fill in only the columns for the row’s final route; the others are greyed out. Each row names the first thing missing.
A47: Minimum trials for non-deterministic Block cases | C47: 3 | D47: Agents vary between runs. A Block case on non-deterministic behaviour should pass every one of several trials.
E49: Block | G49: Human decides | J49: Check downstream | P49: Track
A50: # | B50: Case or suite | C50: Final route | D50: Deterministic? | E50: Trials per release | F50: Trials that must pass | G50: Owner | H50: Backup owner | I50: Halt criteria written before the release? | J50: Downstream system | K50: Team that owns its pipeline | L50: Output contract exists? | M50: Downstream verifies the contract before either side deploys? | N50: Both sides can switch the new behaviour on together? | O50: Who can halt the release | P50: Owner who reviews the trend | Q50: Route ready? | R50: Why not ready
A51: 1 | B51: =IF(B8="","",B8) | C51: =IF(K8="","",K8) | D51: =IF(H8="","",H8) | J51: Payments service | K51: Payments | L51: Yes | M51: No | N51: Yes | O51: Release manager | Q51: =IF(C51="","",IF(R51="","Ready","Not ready")) | R51: =IF(C51="","",IF(C51="Block",IF(OR(E51="",E51<1),"No trials set",IF(F51="","Trials that must pass not set",IF(F51<E51,"Trials that must pass is lower than trials",IF(F51>E51,"Trials that must pass is more than trials",IF(AND(D51<>"Yes",E51<IF($C$47="",3,$C$47)),"Fewer trials than the minimum for non-deterministic cases",""))))),IF(C51="Human decides",IF(G51="","No owner",IF(I51<>"Yes","No halt criteria","")),IF(C51="Check downstream",IF(J51="","No downstream system named",IF(K51="","No team named for its pipeline",IF(L51="Partial","Output contract only partial",IF(L51<>"Yes","No output contract",IF(M51<>"Yes","Contract not verified before deploy",IF(N51<>"Yes","Cannot switch on together",IF(O51="","Nobody named who can halt",""))))))),IF(C51="Track",IF(P51="","No owner",""),"")))))
A52: 2 | B52: =IF(B9="","",B9) | C52: =IF(K9="","",K9) | D52: =IF(H9="","",H9) | J52: Payments service | K52: Payments | L52: Yes | M52: Yes | N52: Yes | O52: Release manager | Q52: =IF(C52="","",IF(R52="","Ready","Not ready")) | R52: =IF(C52="","",IF(C52="Block",IF(OR(E52="",E52<1),"No trials set",IF(F52="","Trials that must pass not set",IF(F52<E52,"Trials that must pass is lower than trials",IF(F52>E52,"Trials that must pass is more than trials",IF(AND(D52<>"Yes",E52<IF($C$47="",3,$C$47)),"Fewer trials than the minimum for non-deterministic cases",""))))),IF(C52="Human decides",IF(G52="","No owner",IF(I52<>"Yes","No halt criteria","")),IF(C52="Check downstream",IF(J52="","No downstream system named",IF(K52="","No team named for its pipeline",IF(L52="Partial","Output contract only partial",IF(L52<>"Yes","No output contract",IF(M52<>"Yes","Contract not verified before deploy",IF(N52<>"Yes","Cannot switch on together",IF(O52="","Nobody named who can halt",""))))))),IF(C52="Track",IF(P52="","No owner",""),"")))))
A53: 3 | B53: =IF(B10="","",B10) | C53: =IF(K10="","",K10) | D53: =IF(H10="","",H10) | E53: 5 | F53: 5 | Q53: =IF(C53="","",IF(R53="","Ready","Not ready")) | R53: =IF(C53="","",IF(C53="Block",IF(OR(E53="",E53<1),"No trials set",IF(F53="","Trials that must pass not set",IF(F53<E53,"Trials that must pass is lower than trials",IF(F53>E53,"Trials that must pass is more than trials",IF(AND(D53<>"Yes",E53<IF($C$47="",3,$C$47)),"Fewer trials than the minimum for non-deterministic cases",""))))),IF(C53="Human decides",IF(G53="","No owner",IF(I53<>"Yes","No halt criteria","")),IF(C53="Check downstream",IF(J53="","No downstream system named",IF(K53="","No team named for its pipeline",IF(L53="Partial","Output contract only partial",IF(L53<>"Yes","No output contract",IF(M53<>"Yes","Contract not verified before deploy",IF(N53<>"Yes","Cannot switch on together",IF(O53="","Nobody named who can halt",""))))))),IF(C53="Track",IF(P53="","No owner",""),"")))))
A54: 4 | B54: =IF(B11="","",B11) | C54: =IF(K11="","",K11) | D54: =IF(H11="","",H11) | G54: Trust and safety lead | I54: No | Q54: =IF(C54="","",IF(R54="","Ready","Not ready")) | R54: =IF(C54="","",IF(C54="Block",IF(OR(E54="",E54<1),"No trials set",IF(F54="","Trials that must pass not set",IF(F54<E54,"Trials that must pass is lower than trials",IF(F54>E54,"Trials that must pass is more than trials",IF(AND(D54<>"Yes",E54<IF($C$47="",3,$C$47)),"Fewer trials than the minimum for non-deterministic cases",""))))),IF(C54="Human decides",IF(G54="","No owner",IF(I54<>"Yes","No halt criteria","")),IF(C54="Check downstream",IF(J54="","No downstream system named",IF(K54="","No team named for its pipeline",IF(L54="Partial","Output contract only partial",IF(L54<>"Yes","No output contract",IF(M54<>"Yes","Contract not verified before deploy",IF(N54<>"Yes","Cannot switch on together",IF(O54="","Nobody named who can halt",""))))))),IF(C54="Track",IF(P54="","No owner",""),"")))))
A55: 5 | B55: =IF(B12="","",B12) | C55: =IF(K12="","",K12) | D55: =IF(H12="","",H12) | P55: Support quality lead | Q55: =IF(C55="","",IF(R55="","Ready","Not ready")) | R55: =IF(C55="","",IF(C55="Block",IF(OR(E55="",E55<1),"No trials set",IF(F55="","Trials that must pass not set",IF(F55<E55,"Trials that must pass is lower than trials",IF(F55>E55,"Trials that must pass is more than trials",IF(AND(D55<>"Yes",E55<IF($C$47="",3,$C$47)),"Fewer trials than the minimum for non-deterministic cases",""))))),IF(C55="Human decides",IF(G55="","No owner",IF(I55<>"Yes","No halt criteria","")),IF(C55="Check downstream",IF(J55="","No downstream system named",IF(K55="","No team named for its pipeline",IF(L55="Partial","Output contract only partial",IF(L55<>"Yes","No output contract",IF(M55<>"Yes","Contract not verified before deploy",IF(N55<>"Yes","Cannot switch on together",IF(O55="","Nobody named who can halt",""))))))),IF(C55="Track",IF(P55="","No owner",""),"")))))
A56: 6 | B56: =IF(B13="","",B13) | C56: =IF(K13="","",K13) | D56: =IF(H13="","",H13) | Q56: =IF(C56="","",IF(R56="","Ready","Not ready")) | R56: =IF(C56="","",IF(C56="Block",IF(OR(E56="",E56<1),"No trials set",IF(F56="","Trials that must pass not set",IF(F56<E56,"Trials that must pass is lower than trials",IF(F56>E56,"Trials that must pass is more than trials",IF(AND(D56<>"Yes",E56<IF($C$47="",3,$C$47)),"Fewer trials than the minimum for non-deterministic cases",""))))),IF(C56="Human decides",IF(G56="","No owner",IF(I56<>"Yes","No halt criteria","")),IF(C56="Check downstream",IF(J56="","No downstream system named",IF(K56="","No team named for its pipeline",IF(L56="Partial","Output contract only partial",IF(L56<>"Yes","No output contract",IF(M56<>"Yes","Contract not verified before deploy",IF(N56<>"Yes","Cannot switch on together",IF(O56="","Nobody named who can halt",""))))))),IF(C56="Track",IF(P56="","No owner",""),"")))))
A57: 7 | B57: =IF(B14="","",B14) | C57: =IF(K14="","",K14) | D57: =IF(H14="","",H14) | E57: 3 | F57: 2 | Q57: =IF(C57="","",IF(R57="","Ready","Not ready")) | R57: =IF(C57="","",IF(C57="Block",IF(OR(E57="",E57<1),"No trials set",IF(F57="","Trials that must pass not set",IF(F57<E57,"Trials that must pass is lower than trials",IF(F57>E57,"Trials that must pass is more than trials",IF(AND(D57<>"Yes",E57<IF($C$47="",3,$C$47)),"Fewer trials than the minimum for non-deterministic cases",""))))),IF(C57="Human decides",IF(G57="","No owner",IF(I57<>"Yes","No halt criteria","")),IF(C57="Check downstream",IF(J57="","No downstream system named",IF(K57="","No team named for its pipeline",IF(L57="Partial","Output contract only partial",IF(L57<>"Yes","No output contract",IF(M57<>"Yes","Contract not verified before deploy",IF(N57<>"Yes","Cannot switch on together",IF(O57="","Nobody named who can halt",""))))))),IF(C57="Track",IF(P57="","No owner",""),"")))))
A58: 8 | B58: =IF(B15="","",B15) | C58: =IF(K15="","",K15) | D58: =IF(H15="","",H15) | E58: 1 | F58: 1 | Q58: =IF(C58="","",IF(R58="","Ready","Not ready")) | R58: =IF(C58="","",IF(C58="Block",IF(OR(E58="",E58<1),"No trials set",IF(F58="","Trials that must pass not set",IF(F58<E58,"Trials that must pass is lower than trials",IF(F58>E58,"Trials that must pass is more than trials",IF(AND(D58<>"Yes",E58<IF($C$47="",3,$C$47)),"Fewer trials than the minimum for non-deterministic cases",""))))),IF(C58="Human decides",IF(G58="","No owner",IF(I58<>"Yes","No halt criteria","")),IF(C58="Check downstream",IF(J58="","No downstream system named",IF(K58="","No team named for its pipeline",IF(L58="Partial","Output contract only partial",IF(L58<>"Yes","No output contract",IF(M58<>"Yes","Contract not verified before deploy",IF(N58<>"Yes","Cannot switch on together",IF(O58="","Nobody named who can halt",""))))))),IF(C58="Track",IF(P58="","No owner",""),"")))))
A59: 9 | B59: =IF(B16="","",B16) | C59: =IF(K16="","",K16) | D59: =IF(H16="","",H16) | Q59: =IF(C59="","",IF(R59="","Ready","Not ready")) | R59: =IF(C59="","",IF(C59="Block",IF(OR(E59="",E59<1),"No trials set",IF(F59="","Trials that must pass not set",IF(F59<E59,"Trials that must pass is lower than trials",IF(F59>E59,"Trials that must pass is more than trials",IF(AND(D59<>"Yes",E59<IF($C$47="",3,$C$47)),"Fewer trials than the minimum for non-deterministic cases",""))))),IF(C59="Human decides",IF(G59="","No owner",IF(I59<>"Yes","No halt criteria","")),IF(C59="Check downstream",IF(J59="","No downstream system named",IF(K59="","No team named for its pipeline",IF(L59="Partial","Output contract only partial",IF(L59<>"Yes","No output contract",IF(M59<>"Yes","Contract not verified before deploy",IF(N59<>"Yes","Cannot switch on together",IF(O59="","Nobody named who can halt",""))))))),IF(C59="Track",IF(P59="","No owner",""),"")))))
A60: 10 | B60: =IF(B17="","",B17) | C60: =IF(K17="","",K17) | D60: =IF(H17="","",H17) | Q60: =IF(C60="","",IF(R60="","Ready","Not ready")) | R60: =IF(C60="","",IF(C60="Block",IF(OR(E60="",E60<1),"No trials set",IF(F60="","Trials that must pass not set",IF(F60<E60,"Trials that must pass is lower than trials",IF(F60>E60,"Trials that must pass is more than trials",IF(AND(D60<>"Yes",E60<IF($C$47="",3,$C$47)),"Fewer trials than the minimum for non-deterministic cases",""))))),IF(C60="Human decides",IF(G60="","No owner",IF(I60<>"Yes","No halt criteria","")),IF(C60="Check downstream",IF(J60="","No downstream system named",IF(K60="","No team named for its pipeline",IF(L60="Partial","Output contract only partial",IF(L60<>"Yes","No output contract",IF(M60<>"Yes","Contract not verified before deploy",IF(N60<>"Yes","Cannot switch on together",IF(O60="","Nobody named who can halt",""))))))),IF(C60="Track",IF(P60="","No owner",""),"")))))
A61: 11 | B61: =IF(B18="","",B18) | C61: =IF(K18="","",K18) | D61: =IF(H18="","",H18) | Q61: =IF(C61="","",IF(R61="","Ready","Not ready")) | R61: =IF(C61="","",IF(C61="Block",IF(OR(E61="",E61<1),"No trials set",IF(F61="","Trials that must pass not set",IF(F61<E61,"Trials that must pass is lower than trials",IF(F61>E61,"Trials that must pass is more than trials",IF(AND(D61<>"Yes",E61<IF($C$47="",3,$C$47)),"Fewer trials than the minimum for non-deterministic cases",""))))),IF(C61="Human decides",IF(G61="","No owner",IF(I61<>"Yes","No halt criteria","")),IF(C61="Check downstream",IF(J61="","No downstream system named",IF(K61="","No team named for its pipeline",IF(L61="Partial","Output contract only partial",IF(L61<>"Yes","No output contract",IF(M61<>"Yes","Contract not verified before deploy",IF(N61<>"Yes","Cannot switch on together",IF(O61="","Nobody named who can halt",""))))))),IF(C61="Track",IF(P61="","No owner",""),"")))))
A62: 12 | B62: =IF(B19="","",B19) | C62: =IF(K19="","",K19) | D62: =IF(H19="","",H19) | Q62: =IF(C62="","",IF(R62="","Ready","Not ready")) | R62: =IF(C62="","",IF(C62="Block",IF(OR(E62="",E62<1),"No trials set",IF(F62="","Trials that must pass not set",IF(F62<E62,"Trials that must pass is lower than trials",IF(F62>E62,"Trials that must pass is more than trials",IF(AND(D62<>"Yes",E62<IF($C$47="",3,$C$47)),"Fewer trials than the minimum for non-deterministic cases",""))))),IF(C62="Human decides",IF(G62="","No owner",IF(I62<>"Yes","No halt criteria","")),IF(C62="Check downstream",IF(J62="","No downstream system named",IF(K62="","No team named for its pipeline",IF(L62="Partial","Output contract only partial",IF(L62<>"Yes","No output contract",IF(M62<>"Yes","Contract not verified before deploy",IF(N62<>"Yes","Cannot switch on together",IF(O62="","Nobody named who can halt",""))))))),IF(C62="Track",IF(P62="","No owner",""),"")))))
A63: 13 | B63: =IF(B20="","",B20) | C63: =IF(K20="","",K20) | D63: =IF(H20="","",H20) | Q63: =IF(C63="","",IF(R63="","Ready","Not ready")) | R63: =IF(C63="","",IF(C63="Block",IF(OR(E63="",E63<1),"No trials set",IF(F63="","Trials that must pass not set",IF(F63<E63,"Trials that must pass is lower than trials",IF(F63>E63,"Trials that must pass is more than trials",IF(AND(D63<>"Yes",E63<IF($C$47="",3,$C$47)),"Fewer trials than the minimum for non-deterministic cases",""))))),IF(C63="Human decides",IF(G63="","No owner",IF(I63<>"Yes","No halt criteria","")),IF(C63="Check downstream",IF(J63="","No downstream system named",IF(K63="","No team named for its pipeline",IF(L63="Partial","Output contract only partial",IF(L63<>"Yes","No output contract",IF(M63<>"Yes","Contract not verified before deploy",IF(N63<>"Yes","Cannot switch on together",IF(O63="","Nobody named who can halt",""))))))),IF(C63="Track",IF(P63="","No owner",""),"")))))
A64: 14 | B64: =IF(B21="","",B21) | C64: =IF(K21="","",K21) | D64: =IF(H21="","",H21) | Q64: =IF(C64="","",IF(R64="","Ready","Not ready")) | R64: =IF(C64="","",IF(C64="Block",IF(OR(E64="",E64<1),"No trials set",IF(F64="","Trials that must pass not set",IF(F64<E64,"Trials that must pass is lower than trials",IF(F64>E64,"Trials that must pass is more than trials",IF(AND(D64<>"Yes",E64<IF($C$47="",3,$C$47)),"Fewer trials than the minimum for non-deterministic cases",""))))),IF(C64="Human decides",IF(G64="","No owner",IF(I64<>"Yes","No halt criteria","")),IF(C64="Check downstream",IF(J64="","No downstream system named",IF(K64="","No team named for its pipeline",IF(L64="Partial","Output contract only partial",IF(L64<>"Yes","No output contract",IF(M64<>"Yes","Contract not verified before deploy",IF(N64<>"Yes","Cannot switch on together",IF(O64="","Nobody named who can halt",""))))))),IF(C64="Track",IF(P64="","No owner",""),"")))))
A65: 15 | B65: =IF(B22="","",B22) | C65: =IF(K22="","",K22) | D65: =IF(H22="","",H22) | Q65: =IF(C65="","",IF(R65="","Ready","Not ready")) | R65: =IF(C65="","",IF(C65="Block",IF(OR(E65="",E65<1),"No trials set",IF(F65="","Trials that must pass not set",IF(F65<E65,"Trials that must pass is lower than trials",IF(F65>E65,"Trials that must pass is more than trials",IF(AND(D65<>"Yes",E65<IF($C$47="",3,$C$47)),"Fewer trials than the minimum for non-deterministic cases",""))))),IF(C65="Human decides",IF(G65="","No owner",IF(I65<>"Yes","No halt criteria","")),IF(C65="Check downstream",IF(J65="","No downstream system named",IF(K65="","No team named for its pipeline",IF(L65="Partial","Output contract only partial",IF(L65<>"Yes","No output contract",IF(M65<>"Yes","Contract not verified before deploy",IF(N65<>"Yes","Cannot switch on together",IF(O65="","Nobody named who can halt",""))))))),IF(C65="Track",IF(P65="","No owner",""),"")))))
A66: 16 | B66: =IF(B23="","",B23) | C66: =IF(K23="","",K23) | D66: =IF(H23="","",H23) | Q66: =IF(C66="","",IF(R66="","Ready","Not ready")) | R66: =IF(C66="","",IF(C66="Block",IF(OR(E66="",E66<1),"No trials set",IF(F66="","Trials that must pass not set",IF(F66<E66,"Trials that must pass is lower than trials",IF(F66>E66,"Trials that must pass is more than trials",IF(AND(D66<>"Yes",E66<IF($C$47="",3,$C$47)),"Fewer trials than the minimum for non-deterministic cases",""))))),IF(C66="Human decides",IF(G66="","No owner",IF(I66<>"Yes","No halt criteria","")),IF(C66="Check downstream",IF(J66="","No downstream system named",IF(K66="","No team named for its pipeline",IF(L66="Partial","Output contract only partial",IF(L66<>"Yes","No output contract",IF(M66<>"Yes","Contract not verified before deploy",IF(N66<>"Yes","Cannot switch on together",IF(O66="","Nobody named who can halt",""))))))),IF(C66="Track",IF(P66="","No owner",""),"")))))
A67: 17 | B67: =IF(B24="","",B24) | C67: =IF(K24="","",K24) | D67: =IF(H24="","",H24) | Q67: =IF(C67="","",IF(R67="","Ready","Not ready")) | R67: =IF(C67="","",IF(C67="Block",IF(OR(E67="",E67<1),"No trials set",IF(F67="","Trials that must pass not set",IF(F67<E67,"Trials that must pass is lower than trials",IF(F67>E67,"Trials that must pass is more than trials",IF(AND(D67<>"Yes",E67<IF($C$47="",3,$C$47)),"Fewer trials than the minimum for non-deterministic cases",""))))),IF(C67="Human decides",IF(G67="","No owner",IF(I67<>"Yes","No halt criteria","")),IF(C67="Check downstream",IF(J67="","No downstream system named",IF(K67="","No team named for its pipeline",IF(L67="Partial","Output contract only partial",IF(L67<>"Yes","No output contract",IF(M67<>"Yes","Contract not verified before deploy",IF(N67<>"Yes","Cannot switch on together",IF(O67="","Nobody named who can halt",""))))))),IF(C67="Track",IF(P67="","No owner",""),"")))))
A68: 18 | B68: =IF(B25="","",B25) | C68: =IF(K25="","",K25) | D68: =IF(H25="","",H25) | Q68: =IF(C68="","",IF(R68="","Ready","Not ready")) | R68: =IF(C68="","",IF(C68="Block",IF(OR(E68="",E68<1),"No trials set",IF(F68="","Trials that must pass not set",IF(F68<E68,"Trials that must pass is lower than trials",IF(F68>E68,"Trials that must pass is more than trials",IF(AND(D68<>"Yes",E68<IF($C$47="",3,$C$47)),"Fewer trials than the minimum for non-deterministic cases",""))))),IF(C68="Human decides",IF(G68="","No owner",IF(I68<>"Yes","No halt criteria","")),IF(C68="Check downstream",IF(J68="","No downstream system named",IF(K68="","No team named for its pipeline",IF(L68="Partial","Output contract only partial",IF(L68<>"Yes","No output contract",IF(M68<>"Yes","Contract not verified before deploy",IF(N68<>"Yes","Cannot switch on together",IF(O68="","Nobody named who can halt",""))))))),IF(C68="Track",IF(P68="","No owner",""),"")))))
A69: 19 | B69: =IF(B26="","",B26) | C69: =IF(K26="","",K26) | D69: =IF(H26="","",H26) | Q69: =IF(C69="","",IF(R69="","Ready","Not ready")) | R69: =IF(C69="","",IF(C69="Block",IF(OR(E69="",E69<1),"No trials set",IF(F69="","Trials that must pass not set",IF(F69<E69,"Trials that must pass is lower than trials",IF(F69>E69,"Trials that must pass is more than trials",IF(AND(D69<>"Yes",E69<IF($C$47="",3,$C$47)),"Fewer trials than the minimum for non-deterministic cases",""))))),IF(C69="Human decides",IF(G69="","No owner",IF(I69<>"Yes","No halt criteria","")),IF(C69="Check downstream",IF(J69="","No downstream system named",IF(K69="","No team named for its pipeline",IF(L69="Partial","Output contract only partial",IF(L69<>"Yes","No output contract",IF(M69<>"Yes","Contract not verified before deploy",IF(N69<>"Yes","Cannot switch on together",IF(O69="","Nobody named who can halt",""))))))),IF(C69="Track",IF(P69="","No owner",""),"")))))
A70: 20 | B70: =IF(B27="","",B27) | C70: =IF(K27="","",K27) | D70: =IF(H27="","",H27) | Q70: =IF(C70="","",IF(R70="","Ready","Not ready")) | R70: =IF(C70="","",IF(C70="Block",IF(OR(E70="",E70<1),"No trials set",IF(F70="","Trials that must pass not set",IF(F70<E70,"Trials that must pass is lower than trials",IF(F70>E70,"Trials that must pass is more than trials",IF(AND(D70<>"Yes",E70<IF($C$47="",3,$C$47)),"Fewer trials than the minimum for non-deterministic cases",""))))),IF(C70="Human decides",IF(G70="","No owner",IF(I70<>"Yes","No halt criteria","")),IF(C70="Check downstream",IF(J70="","No downstream system named",IF(K70="","No team named for its pipeline",IF(L70="Partial","Output contract only partial",IF(L70<>"Yes","No output contract",IF(M70<>"Yes","Contract not verified before deploy",IF(N70<>"Yes","Cannot switch on together",IF(O70="","Nobody named who can halt",""))))))),IF(C70="Track",IF(P70="","No owner",""),"")))))
A72: Summary
A73: BY ROUTE | C73: Cases | D73: Ready
B74: Block | C74: =COUNTIF(C51:C70,"Block") | D74: =COUNTIFS(C51:C70,"Block",Q51:Q70,"Ready")
B75: Human decides | C75: =COUNTIF(C51:C70,"Human decides") | D75: =COUNTIFS(C51:C70,"Human decides",Q51:Q70,"Ready")
B76: Check downstream | C76: =COUNTIF(C51:C70,"Check downstream") | D76: =COUNTIFS(C51:C70,"Check downstream",Q51:Q70,"Ready")
B77: Track | C77: =COUNTIF(C51:C70,"Track") | D77: =COUNTIFS(C51:C70,"Track",Q51:Q70,"Ready")
A79: Routes not ready | C79: =COUNTIF(Q51:Q70,"Not ready") | D79: Column R names the first thing missing on each.
A80: Block cases not ready | C80: =COUNTIFS(C51:C70,"Block",Q51:Q70,"Not ready")
A81: Human cases not ready | C81: =COUNTIFS(C51:C70,"Human decides",Q51:Q70,"Not ready")
A82: Human cases with no backup owner | C82: =SUMPRODUCT((C51:C70="Human decides")*(H51:H70="")) | D82: Scored by check 6, not by Route ready.
A83: Downstream cases without a verified contract | C83: =SUMPRODUCT((C51:C70="Check downstream")*(((L51:L70<>"Yes")+(M51:M70<>"Yes"))>0)) | D83: The contract is not Yes, or the downstream side does not verify it before deploying.
A86: 3 · Checklist
A87: Is the gate ready to decide releases?
A88: Answer each check from evidence, not from memory. The four marked ★ are critical: a No on any one of them is a Hold.
A90: Decision | C90: =IF(OR(E96="No",E98="No",E100="No",E103="No"),"Hold",IF(COUNTA(E96:E105)<10,"",IF(AND(SUM(F96:F105)>=16,NOT(OR(E96="Partial",E98="Partial",E100="Partial",E103="Partial"))),"Ready","Fix first"))) | D90: =IF(C90="Hold","Don’t let this gate decide releases yet.",IF(C90="Fix first","No critical check is answered No, but the total is under 16 or a critical check is only Partial.",IF(C90="Ready","Every critical check is answered Yes, and the total is 16 or more.",IF(COUNTA(E96:E105)=0,"","Answer all 10 checks to see the decision."))))
A91: Total | C91: =SUM(F96:F105) | D91: out of 20. Yes scores 2, Partial 1, No 0. Ready needs 16 or more and every critical check answered Yes.
A92: Checks answered | C92: =COUNTA(E96:E105) | D92: out of 10
A93: Your next step | C93: =IF(MIN(Y96:Y105)<9,INDEX(B96:B105,MATCH(MIN(Y96:Y105),Y96:Y105,0)),IF(COUNTA(E96:E105)=10,"No open items.",""))
A95: # | B95: Check | E95: Answer | F95: Points | G95: Status | H95: Evidence from the other tabs
A96: 1 ★ | B96: Every gate case has a route. | E96: Yes | F96: =IF(E96="Yes",2,IF(E96="Partial",1,IF(E96="No",0,""))) | G96: =IF(E96="Yes","Pass",IF(E96="Partial","Partial",IF(E96="No","Fail",""))) | H96: ="Unrouted cases (section 1): "&C38 | Y96: =IF(E96="No",1,IF(E96="Partial",3,9))
A97: 2 | B97: Every route that differs from the suggestion has a written reason. | E97: Yes | F97: =IF(E97="Yes",2,IF(E97="Partial",1,IF(E97="No",0,""))) | G97: =IF(E97="Yes","Pass",IF(E97="Partial","Partial",IF(E97="No","Fail",""))) | H97: ="Overrides with no reason (section 1): "&C40 | Y97: =IF(E97="No",2,IF(E97="Partial",4,9))
A98: 3 ★ | B98: Block cases on non-deterministic behaviour run several trials and require every trial to pass. | E98: No | F98: =IF(E98="Yes",2,IF(E98="Partial",1,IF(E98="No",0,""))) | G98: =IF(E98="Yes","Pass",IF(E98="Partial","Partial",IF(E98="No","Fail",""))) | H98: ="Block cases not ready (section 2): "&C80 | Y98: =IF(E98="No",1,IF(E98="Partial",3,9))
A99: 4 | B99: Capability cases are tracked, not used to block a release. | E99: Yes | F99: =IF(E99="Yes",2,IF(E99="Partial",1,IF(E99="No",0,""))) | G99: =IF(E99="Yes","Pass",IF(E99="Partial","Partial",IF(E99="No","Fail",""))) | Y99: =IF(E99="No",2,IF(E99="Partial",4,9))
A100: 5 ★ | B100: Every Human decides case has a named owner and halt criteria written before the release. | E100: No | F100: =IF(E100="Yes",2,IF(E100="Partial",1,IF(E100="No",0,""))) | G100: =IF(E100="Yes","Pass",IF(E100="Partial","Partial",IF(E100="No","Fail",""))) | H100: ="Human cases not ready (section 2): "&C81 | Y100: =IF(E100="No",1,IF(E100="Partial",3,9))
A101: 6 | B101: Every Human decides case has a backup owner, so a release never waits on one person. | E101: No | F101: =IF(E101="Yes",2,IF(E101="Partial",1,IF(E101="No",0,""))) | G101: =IF(E101="Yes","Pass",IF(E101="Partial","Partial",IF(E101="No","Fail",""))) | H101: ="Human cases with no backup owner (section 2): "&C82 | Y101: =IF(E101="No",2,IF(E101="Partial",4,9))
A102: 7 | B102: Every Check downstream case names the system that acts on the output and the team that owns its pipeline. | E102: Yes | F102: =IF(E102="Yes",2,IF(E102="Partial",1,IF(E102="No",0,""))) | G102: =IF(E102="Yes","Pass",IF(E102="Partial","Partial",IF(E102="No","Fail",""))) | Y102: =IF(E102="No",2,IF(E102="Partial",4,9))
A103: 8 ★ | B103: The agent’s output has a contract that the downstream system verifies before either side deploys. | E103: Partial | F103: =IF(E103="Yes",2,IF(E103="Partial",1,IF(E103="No",0,""))) | G103: =IF(E103="Yes","Pass",IF(E103="Partial","Partial",IF(E103="No","Fail",""))) | H103: ="Downstream cases without a verified contract (section 2): "&C83 | Y103: =IF(E103="No",1,IF(E103="Partial",3,9))
A104: 9 | B104: New agent behaviour can be switched on together with the downstream system, and switched off without a redeploy. | E104: Yes | F104: =IF(E104="Yes",2,IF(E104="Partial",1,IF(E104="No",0,""))) | G104: =IF(E104="Yes","Pass",IF(E104="Partial","Partial",IF(E104="No","Fail",""))) | Y104: =IF(E104="No",2,IF(E104="Partial",4,9))
A105: 10 | B105: Changes to the agent’s output are made in expand-then-contract steps, so the old and new shapes work side by side until the downstream system has moved. | E105: Partial | F105: =IF(E105="Yes",2,IF(E105="Partial",1,IF(E105="No",0,""))) | G105: =IF(E105="Yes","Pass",IF(E105="Partial","Partial",IF(E105="No","Fail",""))) | Y105: =IF(E105="No",2,IF(E105="Partial",4,9))
